Date,Elec_mean_0,Elec_mean_1,Elec_mean_2,Elec_mean_3,Elec_min_,Elec_max_,Elec_ptv
2018-05-10,0.0,0.0,0.45227351614022904,0.3137512020281493,0.17567567567567566,0.42787682333873567,0.6111111111111109
2018-05-11,0.5658651149747617,0.663220892274211,0.4453314821242623,0.31501879534924393,0.14189189189189189,0.42463533225283634,0.6296296296296295
2018-05-12,0.5595905776780706,0.5106093579978236,0.06837903505727172,0.08680828743771307,0.11486486486486491,0.08103727714748776,0.1296296296296296
2018-05-13,0.5635866517106002,0.5097932535364526,0.07046164526206178,0.08929976396538164,0.10810810810810811,0.08752025931928686,0.14814814814814814
2018-05-14,0.5623597868760517,0.6667573449401523,0.45748004165220413,0.3377917650144243,0.15540540540540548,0.44084278768233387,0.6481481481481481
2018-05-15,0.5738572630398205,0.6700217627856364,0.4807358556056923,0.3727598566308242,0.15540540540540548,0.46677471636952983,0.6666666666666665
2018-05-16,0.5603617498597868,0.6847116430903154,0.48004165220409567,0.2769472856018883,0.10135135135135132,0.4570502431118314,0.7037037037037037
2018-05-17,0.5140213123948402,0.6188792165397169,0.4113155154460256,0.27659760468572425,0.06756756756756754,0.4213938411669368,0.6851851851851851
2018-05-18,0.5185431856421762,0.633297062023939,0.41166261714682395,0.2619547163213568,0.07432432432432434,0.4084278768233386,0.6666666666666665
2018-05-19,0.5022434099831744,0.4684439608269858,0.0246442207566816,0.035580033219686946,0.04729729729729737,0.0421393841166936,0.1296296296296296
2018-05-20,0.5112871564778463,0.46980413492927087,0.03852828878861503,0.04930500917912406,0.05405405405405417,0.07131280388978922,0.18518518518518515
2018-05-21,0.5410824453168817,0.6620511425462458,0.5544255466851787,0.3571553457470059,0.05405405405405417,0.5283630470016206,0.7962962962962963
2018-05-22,0.5733665171060012,0.6879760609357997,0.5185699409927106,0.37463939155520587,0.18243243243243246,0.5251215559157211,0.7037037037037037
2018-05-23,0.5703519349411105,0.6760065288356908,0.48351266921207914,0.40462453011626887,0.16216216216216228,0.4991896272285251,0.6851851851851851
2018-05-24,0.5961511497476164,0.6961371055495102,0.5060742797639707,0.37839846140396893,0.21621621621621623,0.4764991896272285,0.6296296296296295
2018-05-25,0.5913839035333707,0.7105549510337321,0.5664699757028807,0.3125273188215755,0.17567567567567566,0.6742301458670988,0.8333333333333333
2018-05-26,0.5485838474481212,0.5021762785636561,0.06386671294689339,0.08803217064428703,0.1351351351351353,0.06807131280388978,0.07407407407407406
2018-05-27,0.5568564217610769,0.501632208922742,0.05414786532453997,0.07334557216539905,0.1351351351351353,0.10048622366288484,0.14814814814814814
2018-05-28,0.55657599551318,0.5606637649619151,0.1933356473446719,0.18200891686336218,0.14189189189189189,0.1880064829821717,0.31481481481481477
2018-05-29,0.5703519349411105,0.7268770402611532,0.5366192294342241,0.34871929364454923,0.16891891891891908,0.5445705024311182,0.7222222222222221
2018-05-30,0.5773625911385305,0.6991294885745374,0.5150989239847273,0.40305096599353096,0.17567567567567566,0.492706645056726,0.6851851851851851
2018-05-31,0.6156758272574313,0.7309575625680085,0.5560569246789308,0.41712562286913213,0.2432432432432432,0.5316045380875202,0.6666666666666665
2018-06-01,0.6121704991587212,0.7334058759521218,0.5373134328358208,0.3884080776291635,0.23648648648648662,0.5089141004862235,0.6481481481481481
2018-06-02,0.6003925967470556,0.5391730141458105,0.10204790003471009,0.1342337616924555,0.20945945945945943,0.10696920583468394,0.07407407407407406
2018-06-03,0.587633202467751,0.5321001088139281,0.1089899340506768,0.15298540082175027,0.15540540540540548,0.13290113452188002,0.18518518518518515
2018-06-04,0.622195737521032,0.7391186071817191,0.5366192294342241,0.38932599003409385,0.2702702702702704,0.5186385737439222,0.6296296296296295
2018-06-05,0.6237030286034774,0.7108269858541892,0.472058313085734,0.38058396712999387,0.2635135135135136,0.4440842787682334,0.5555555555555556
2018-06-06,0.6066671340437465,0.6817192600652883,0.5022561610551891,0.40401258851298205,0.22297297297297303,0.48946515397082646,0.6296296296296295
2018-06-07,0.6106632080762759,0.6885201305767137,0.523082263103089,0.4258676457732321,0.2432432432432432,0.5218800648298217,0.6481481481481481
2018-06-08,0.6114343802579922,0.7048422198041349,0.5442554668517875,0.45082612116443743,0.2432432432432432,0.5737439222042139,0.7037037037037037
2018-06-09,0.5936623667975323,0.5342763873775842,0.13675807011454355,0.18576798671212524,0.20945945945945943,0.14262560777957856,0.14814814814814814
2018-06-10,0.616937745372967,0.5448857453754079,0.14092329052412345,0.19232450389020028,0.22297297297297303,0.17179902755267418,0.2037037037037037
2018-06-11,0.6076836791923724,0.7276931447225243,0.6404026379729258,0.4667366028498995,0.20270270270270285,0.6320907617504051,0.7777777777777777
2018-06-12,0.5788698822209759,0.7219804134929271,0.584519264144394,0.37839846140396893,0.1351351351351353,0.5542949756888168,0.7592592592592591
2018-06-13,0.5531758272574313,0.663220892274211,0.5303713988198541,0.3252906722615615,0.10135135135135132,0.5283630470016206,0.7592592592592591
2018-06-14,0.5823401570386988,0.6406420021762784,0.5522388059701492,0.3190838359996503,0.09459459459459474,0.5705024311183143,0.7962962962962963
2018-06-15,0.5125140213123948,0.6466267682263328,0.48628948281846573,0.30159979019145033,0.06081081081081097,0.4991896272285251,0.7777777777777777
2018-06-16,0.5137759394279304,0.4828618063112077,0.052412356820548345,0.06993618323280004,0.07432432432432434,0.06158833063209068,0.1296296296296296
2018-06-17,0.5340717891194615,0.48449401523394986,0.036792780284623294,0.06460354926129908,0.08108108108108114,0.0907617504051863,0.18518518518518515
2018-06-18,0.5630959057767807,0.6681175190424373,0.5043387712599791,0.3540519276160504,0.14864864864864868,0.5348460291734197,0.7407407407407407
2018-06-19,0.5525799214806506,0.6915125136017408,0.5314127039222493,0.3599965031908384,0.14864864864864868,0.5348460291734197,0.7407407407407407
2018-06-20,0.5681085249579361,0.678998911860718,0.5286358903158624,0.4152460879447505,0.15540540540540548,0.5283630470016206,0.7222222222222221
2018-06-21,0.5635866517106002,0.6773667029379759,0.49045470322804585,0.342818428184282,0.14864864864864868,0.47325769854132893,0.6851851851851851
2018-06-22,0.5650939427930454,0.6741022850924917,0.5126692120791391,0.3840370661771134,0.14864864864864868,0.492706645056726,0.7037037037037037
2018-06-23,0.5643578238923164,0.5141458106637649,0.08052759458521341,0.12863886703383176,0.1351351351351353,0.11021069692058338,0.16666666666666666
2018-06-24,0.5793606281547953,0.5201305767138192,0.08642832349878515,0.11176676282891862,0.12162162162162171,0.12965964343598047,0.2222222222222222
2018-06-25,0.588649747616377,0.7200761697497278,0.6018743491843107,0.4586502316636071,0.16216216216216228,0.6029173419773094,0.7777777777777777
2018-06-26,0.5961511497476164,0.7272850924918388,0.663484901076015,0.481729172130431,0.16216216216216228,0.6482982171799027,0.8148148148148147
2018-06-27,0.5841278743690409,0.7276931447225243,0.5838250607427974,0.433648046157881,0.17567567567567566,0.6223662884927065,0.7962962962962963
2018-06-28,0.5530706674144701,0.6947769314472252,0.6206178410274209,0.4545851910132005,0.12162162162162171,0.6580226904376013,0.8518518518518516
2018-06-29,0.5650939427930454,0.7162676822633296,0.6056924678930925,0.4333420753562375,0.15540540540540548,0.6158833063209076,0.7962962962962963
2018-06-30,0.5458146382501402,0.49483133841131655,0.08816383200277678,0.13270390768423812,0.10135135135135132,0.10696920583468394,0.2037037037037037
2018-07-01,0.5543325855300056,0.4980957562568008,0.10135369663311344,0.13768686073957526,0.08783783783783794,0.11993517017828192,0.2407407407407407
2018-07-02,0.5838825014021313,0.73721436343852,0.6837903505727178,0.49768336393041357,0.16216216216216228,0.6677471636952997,0.8333333333333333
2018-07-03,0.5420639371845205,0.7170837867247006,0.6393613328705309,0.45677069673922566,0.14189189189189189,0.6385737439222042,0.8333333333333333
2018-07-04,0.5483384744812115,0.707290533188248,0.6136758070114542,0.4527056560888191,0.12162162162162171,0.606158833063209,0.8148148148148147
2018-07-05,0.5884043746494672,0.7323177366702937,0.6719888927455745,0.488285689308506,0.17567567567567566,0.6677471636952997,0.8333333333333333
2018-07-06,0.5858805384183959,0.7393906420021762,0.671641791044776,0.48238482384823855,0.18918918918918926,0.6580226904376013,0.8148148148148147
2018-07-07,0.5615886146943354,0.5116974972796517,0.09996528982992015,0.1358073258151936,0.1283783783783785,0.10696920583468394,0.16666666666666666
2018-07-08,0.5633412787436903,0.5146898803046789,0.09788267962513009,0.14642888364367523,0.11486486486486491,0.16207455429497564,0.2962962962962962
2018-07-09,0.5786245092540662,0.7402067464635472,0.7254425546685178,0.5101407465687561,0.10810810810810811,0.7196110210696919,0.9074074074074072
2018-07-10,0.5796410544026921,0.7347660500544069,0.5921555015619576,0.4099134539732493,0.15540540540540548,0.5640194489465152,0.7592592592592591
2018-07-11,0.5756800336511497,0.6849836779107724,0.574800416522041,0.44125360608444797,0.10810810810810811,0.5834683954619123,0.8148148148148147
2018-07-12,0.6845555243970837,0.6875680087051141,0.6331135022561608,0.503584229390681,0.32432432432432434,0.5996758508914101,0.6666666666666665
2018-07-13,0.6422111609646662,0.7587051142546245,0.6303366886497744,0.4951481772882246,0.2702702702702704,0.593192868719611,0.7037037037037037
2018-07-14,0.6299425126191811,0.5707290533188247,0.16140229087122515,0.21291196782935573,0.20945945945945943,0.1653160453808752,0.2037037037037037
2018-07-15,0.6184450364554123,0.5663764961915124,0.15619576535925017,0.22104204913016867,0.22297297297297303,0.17504051863857373,0.2037037037037037
2018-07-16,0.6452257431295569,0.7725788900979323,0.7174592155501561,0.5738263834251246,0.2567567567567568,0.6871961102106968,0.7777777777777777
2018-07-17,0.6279444756029164,0.7519042437431991,0.6393613328705309,0.5101407465687561,0.23648648648648662,0.5964343598055105,0.7222222222222221
2018-07-18,0.6151850813236119,0.7548966267682261,0.6407497396737244,0.47145729521811364,0.21621621621621623,0.6288492706645056,0.7592592592592591
2018-07-19,0.5783791362871565,0.7113710554951032,0.6587990281152377,0.4939242940816505,0.16216216216216228,0.6482982171799027,0.8148148148148147
2018-07-20,0.6064217610768369,0.7431991294885744,0.6355432141617493,0.47547862575399946,0.23648648648648662,0.6482982171799027,0.7777777777777777
2018-07-21,0.6038979248457657,0.5446137105549509,0.09996528982992015,0.14642888364367523,0.23648648648648662,0.11345218800648293,0.05555555555555555
2018-07-22,0.5954150308468873,0.5399891186071816,0.12842762929538354,0.16671037678118716,0.18918918918918926,0.1653160453808752,0.2222222222222222
2018-07-23,0.625701065619742,0.7704026115342761,0.7525164873307878,0.527624792376956,0.2567567567567568,0.7423014586709885,0.8333333333333333
2018-07-24,0.6139231632080763,0.8363710554951032,0.5975355779243315,0.545108838185156,0.19594594594594605,0.7293354943273905,0.8518518518518516
2018-07-25,0.6266825574873809,0.7581610446137104,0.6841374522735161,0.5807325815193637,0.2432432432432432,0.7293354943273905,0.8333333333333333
2018-07-26,0.6707795849691531,0.7924374319912948,0.7757723012842762,0.5950694990820876,0.34459459459459474,0.7617504051863856,0.7777777777777777
2018-07-27,0.6715157038698822,0.7927094668117518,0.6987157237070462,0.5416994492525572,0.35135135135135154,0.7196110210696919,0.7407407407407407
2018-07-28,0.6597378014582165,0.5791621327529922,0.1499479347448801,0.19451000961622522,0.2770270270270272,0.17828200972447317,0.14814814814814814
2018-07-29,0.655741727425687,0.5954842219804134,0.16799722318639354,0.21168808462278188,0.31756756756756754,0.18152350081037272,0.1111111111111111
2018-07-30,0.683293606281548,0.7850924918389552,0.6587990281152377,0.5344872803566746,0.3581081081081081,0.6191247974068071,0.6666666666666665
2018-07-31,0.6785263600673023,0.7723068552774754,0.6483859770912878,0.5395139435265323,0.3716216216216217,0.6191247974068071,0.6481481481481481
2018-08-01,0.6357263039820528,0.7600652883569096,0.644567858382506,0.48706180610193217,0.2567567567567568,0.6320907617504051,0.7407407407407407
2018-08-02,0.6011637689287718,0.7442872687704025,0.7073932662270045,0.545108838185156,0.22972972972972983,0.7325769854132901,0.8333333333333333
2018-08-03,0.6319405496354459,0.7856365614798693,0.7448802499132244,0.560407378267331,0.31081081081081097,0.758508914100486,0.7962962962962963
2018-08-04,0.6226864834548513,0.5620239390642001,0.13155154460256846,0.18795349243815018,0.28378378378378377,0.14910858995137755,0.09259259259259259
2018-08-05,0.6322209758833427,0.5644722524483132,0.14231169732731686,0.18576798671212524,0.28378378378378377,0.19124797406807126,0.16666666666666666
2018-08-06,0.622195737521032,0.7701305767138192,0.7448802499132244,0.5654340414371887,0.23648648648648662,0.7293354943273905,0.8333333333333333
2018-08-07,0.6279444756029164,0.7823721436343851,0.7368969107948627,0.5316898330273626,0.29054054054054057,0.7293354943273905,0.7962962962962963
2018-08-08,0.5948892316320807,0.7282372143634384,0.615411315515446,0.48111723052714395,0.20945945945945943,0.6223662884927065,0.7592592592592591
2018-08-09,0.6009183959618621,0.7426550598476603,0.5793127386324192,0.4105691056910571,0.21621621621621623,0.5510534846029173,0.7037037037037037
2018-08-10,0.5701065619742007,0.6983133841131663,0.5505032974661576,0.3912055249584755,0.19594594594594605,0.5348460291734197,0.7037037037037037
2018-08-11,0.5793606281547953,0.5152339499455929,0.09649427282193679,0.16233936532913706,0.16216216216216228,0.11993517017828192,0.16666666666666666
2018-08-12,0.6261918115535614,0.5612078346028291,0.12287400208261012,0.15674447067051311,0.2702702702702704,0.2009724473257698,0.2037037037037037
2018-08-13,0.6324663488502524,0.7306855277475516,0.5720236029156541,0.4527056560888191,0.2567567567567568,0.5510534846029173,0.6666666666666665
2018-08-14,0.620443073471677,0.7157236126224156,0.5810482471364108,0.4732931200279745,0.25,0.5834683954619123,0.7037037037037037
2018-08-15,0.6594924284913067,0.737758433079434,0.5786185352308225,0.4986012763353441,0.33108108108108114,0.5575364667747164,0.6296296296296295
2018-08-16,0.6752664049355019,0.76550598476605,0.5390489413398124,0.4889413410263136,0.32432432432432434,0.5672609400324148,0.6296296296296295
2018-08-17,0.6394770050476726,0.7198041349292709,0.5786185352308225,0.4879797185068625,0.29054054054054057,0.5478119935170177,0.6481481481481481
2018-08-18,0.6482403252944476,0.6039173014145809,0.17771607080874685,0.22917213043098184,0.30405405405405417,0.18152350081037272,0.1296296296296296
2018-08-19,0.6880257992148064,0.6074537540805222,0.18257549461992362,0.2319695777602938,0.34459459459459474,0.21069692058346834,0.14814814814814814
2018-08-20,0.6892877173303421,0.8000544069640912,0.6719888927455745,0.5472943439111811,0.4054054054054055,0.6418152350081036,0.6481481481481481
2018-08-21,0.6848008973639934,0.7948857453754078,0.6754599097535577,0.5601014074656877,0.3986486486486487,0.6677471636952997,0.6851851851851851
2018-08-22,0.6484856982613573,0.7752992383025026,0.6136758070114542,0.47582830667016374,0.29729729729729737,0.6158833063209076,0.7037037037037037
2018-08-23,0.6031618059450364,0.7464635473340587,0.5907670947587641,0.41712562286913213,0.20945945945945943,0.5834683954619123,0.7407407407407407
2018-08-24,0.5520891755468312,0.6607725788900979,0.44429017702186735,0.32157531252731875,0.16216216216216228,0.42787682333873567,0.6111111111111109
2018-08-25,0.5343171620863714,0.4940152339499455,0.03956959389101,0.06556517178075005,0.11486486486486491,0.05834683954619124,0.07407407407407406
2018-08-26,0.5615886146943354,0.4964635473340586,0.05866018743491841,0.14109624967217427,0.12162162162162171,0.11021069692058338,0.18518518518518515
2018-08-27,0.5656197420078519,0.5680087051142545,0.21555015619576534,0.20076055599265674,0.15540540540540548,0.21069692058346834,0.3333333333333333
2018-08-28,0.5701065619742007,0.6882480957562567,0.5425199583477959,0.3871404843080689,0.17567567567567566,0.5153970826580226,0.7037037037037037
2018-08-29,0.5571017947279866,0.677094668117519,0.5310656022214507,0.397456071334907,0.16216216216216228,0.5380875202593193,0.7222222222222221
2018-08-30,0.5455692652832305,0.6678454842219802,0.5317598056230474,0.3534399860127634,0.1351351351351353,0.5024311183144247,0.7222222222222221
2018-08-31,0.5528252944475602,0.6751904243743198,0.5380076362374174,0.39242940816504934,0.16216216216216228,0.5218800648298217,0.7222222222222221
2018-09-01,0.5405566461020751,0.5073449401523393,0.10378340853870183,0.10363668152810546,0.1351351351351353,0.0972447325769854,0.14814814814814814
2018-09-02,0.5448331463825015,0.5062568008705114,0.07636237417563341,0.07400122388320662,0.10810810810810811,0.12317666126418148,0.2222222222222222
2018-09-03,0.6156407739764442,0.6436615886833513,0.6292953835473792,0.4683101669726376,0.16891891891891908,0.625607779578606,0.7962962962962963
2018-09-04,0.5683538979248458,0.7124591947769314,0.5987504338771258,0.421496634321182,0.16891891891891908,0.5867098865478119,0.7592592592592591
2018-09-05,0.5693704430734717,0.6890642002176277,0.5598750433877125,0.47176326601975715,0.15540540540540548,0.5705024311183143,0.7592592592592591
2018-09-06,0.6219503645541223,0.7143634385201305,0.5452967719541825,0.4726811784246875,0.2702702702702704,0.5834683954619123,0.6851851851851851
2018-09-07,0.6237030286034774,0.7266050054406963,0.5098923984727523,0.39776204213655053,0.2567567567567568,0.48946515397082646,0.6111111111111109
2018-09-08,0.6106632080762759,0.5516866158868334,0.12738632419298845,0.16015385960311213,0.23648648648648662,0.11993517017828192,0.07407407407407406
2018-09-09,0.6146943353897925,0.5590315560391729,0.14474140923290513,0.1748404580820001,0.22972972972972983,0.1523500810372771,0.14814814814814814
2018-09-10,0.6276991026360067,0.7157236126224156,0.5206525511975008,0.44676108051403085,0.2567567567567568,0.4991896272285251,0.6296296296296295
2018-09-11,0.6570036455412227,0.7451033732317736,0.5511975008677542,0.46271527231401366,0.33108108108108114,0.5218800648298217,0.5925925925925926
2018-09-12,0.6246845204711161,0.7219804134929271,0.4529677195418257,0.3175102718769124,0.18918918918918926,0.4570502431118314,0.6296296296296295
2018-09-13,0.5650939427930454,0.6643090315560389,0.47414092329052415,0.34561587551359396,0.18243243243243246,0.4505672609400323,0.6296296296296295
2018-09-14,0.5666012338754908,0.6643090315560389,0.46754599097535554,0.34434828219249936,0.18918918918918926,0.45380875202593185,0.6296296296296295
2018-09-15,0.5600813236118901,0.5209466811751903,0.07879208608122168,0.09209721129469362,0.16216216216216228,0.07455429497568877,0.05555555555555555
2018-09-16,0.5643578238923164,0.5187704026115342,0.09059354390836505,0.12142669813794915,0.16891891891891908,0.09400324149108585,0.09259259259259259
2018-09-17,0.5948892316320807,0.7304134929270945,0.6227004512322108,0.42678555817816244,0.23648648648648662,0.612641815235008,0.7407407407407407
2018-09-18,0.6056505888951206,0.7328618063112078,0.5682054842068726,0.41804353527406246,0.2635135135135136,0.5510534846029173,0.6666666666666665
2018-09-19,0.6031618059450364,0.7189880304678997,0.5699409927108642,0.4199230701984439,0.25,0.5867098865478119,0.7037037037037037
2018-09-20,0.5943984856982614,0.7178998911860718,0.5484206872613674,0.39933560625928843,0.22972972972972983,0.5218800648298217,0.6666666666666665
2018-09-21,0.5693704430734717,0.664036996735582,0.44429017702186735,0.318777865198007,0.16891891891891908,0.4213938411669368,0.6111111111111109
2018-09-22,0.5553491306786316,0.5155059847660499,0.07393266227004514,0.08991170556866857,0.16891891891891908,0.07455429497568877,0.05555555555555555
2018-09-23,0.5555945036455413,0.5141458106637649,0.06386671294689339,0.07334557216539905,0.15540540540540548,0.07455429497568877,0.07407407407407406
2018-09-24,0.5498457655636567,0.6599564744287267,0.45817424505380056,0.33219687035580037,0.14864864864864868,0.4440842787682334,0.6481481481481481
2018-09-25,0.5533510936623668,0.6575081610446135,0.46199236376258235,0.3250284115744385,0.15540540540540548,0.4376012965964343,0.6296296296296295
2018-09-26,0.5685992708917554,0.6523394994559303,0.4935786185352308,0.4230264883293994,0.14189189189189189,0.49594813614262556,0.7037037037037037
2018-09-27,0.6259464385866518,0.6743743199129488,0.5376605345366191,0.46205962059620587,0.2770270270270272,0.5542949756888168,0.6666666666666665
2018-09-28,0.7223429613011778,0.7023939064200215,0.6404026379729258,0.7458693941778128,0.32432432432432434,0.8055105348460291,0.8333333333333333
2018-09-29,0.9256519910263601,0.8041349292709465,0.444984380423464,0.5529329486843256,0.8716216216216217,0.41815235008103724,0.037037037037037035
2018-09-30,0.8244882220975882,0.795429815016322,0.17077403679278014,0.12894483783547506,0.21621621621621623,0.4505672609400323,0.5925925925925926
2018-10-01,0.595660403813797,0.7062023939064199,0.5321069073238459,0.4158580295480375,0.18918918918918926,0.4991896272285251,0.6666666666666665
2018-10-02,0.6196719012899607,0.7184439608269858,0.583130857341201,0.47018970189701903,0.2635135135135136,0.5640194489465152,0.6851851851851851
2018-10-03,0.589385866517106,0.7113710554951032,0.5175286358903158,0.38805839671299924,0.15540540540540548,0.5218800648298217,0.7222222222222221
2018-10-04,0.5543325855300056,0.6806311207834601,0.5071155848663659,0.34998688696564384,0.15540540540540548,0.47974068071312803,0.6851851851851851
2018-10-05,0.561097868760516,0.6849836779107724,0.5470322804581743,0.39837398373983735,0.14864864864864868,0.5283630470016206,0.7222222222222221
2018-10-06,0.5563306225462703,0.5127856365614797,0.053800763623741754,0.07522510708978047,0.15540540540540548,0.06807131280388978,0.05555555555555555
2018-10-07,0.5493199663488502,0.5068008705114253,0.04547032280458163,0.06058221872541303,0.14864864864864868,0.0486223662884927,0.01851851851851851
2018-10-08,0.5525799214806506,0.663764961915125,0.46060395695938905,0.3356062592883994,0.15540540540540548,0.4505672609400323,0.6481481481481481
2018-10-09,0.5475673022994952,0.6653971708378672,0.49600833044081905,0.36808287437713083,0.1351351351351353,0.4700162074554294,0.6851851851851851
2018-10-10,0.5778883903533371,0.6743743199129488,0.5918083998611593,0.49549785820438863,0.14189189189189189,0.5964343598055105,0.7962962962962963
2018-10-11,0.6507291082445317,0.7421109902067463,0.5841721624435959,0.45738263834251247,0.31081081081081097,0.5445705024311182,0.6296296296296295
2018-10-12,0.6412296690970275,0.7260609357997823,0.5605692467893092,0.47674621907509407,0.29729729729729737,0.5316045380875202,0.6296296296296295
2018-10-13,0.6675196298373528,0.6025571273122958,0.18535230822631021,0.22292158405455031,0.35135135135135154,0.17504051863857373,0.07407407407407406
2018-10-14,0.6274537296690971,0.5639281828073992,0.13120444290177025,0.1639129294518752,0.29054054054054057,0.13614262560777957,0.05555555555555555
2018-10-15,0.6249298934380259,0.723068552774755,0.5480735855605691,0.44335169158143206,0.29054054054054057,0.5283630470016206,0.6296296296296295
2018-10-16,0.6269629837352776,0.7369423286180631,0.5859076709475876,0.44614913891074404,0.28378378378378377,0.5510534846029173,0.6481481481481481
2018-10-17,0.6041783510936624,0.7203482045701849,0.507462686567164,0.3721479150275374,0.18918918918918926,0.4991896272285251,0.6666666666666665
2018-10-18,0.5798864273696018,0.6711099020674645,0.5078097882679625,0.38932599003409385,0.19594594594594605,0.48946515397082646,0.6666666666666665
2018-10-19,0.5878785754346606,0.678998911860718,0.5091981950711556,0.40370661771133853,0.21621621621621623,0.49594813614262556,0.6481481481481481
2018-10-20,0.586897083567022,0.5364526659412404,0.13432835820895517,0.1701634758283067,0.21621621621621623,0.1458670988654781,0.14814814814814814
2018-10-21,0.5979038137969714,0.5380848748639825,0.13432835820895517,0.17763790541131208,0.21621621621621623,0.139384116693679,0.14814814814814814
2018-10-22,0.5954150308468873,0.6985854189336234,0.49600833044081905,0.37560101407465696,0.21621621621621623,0.4700162074554294,0.6296296296296295
2018-10-23,0.5823752103196859,0.6784548422198041,0.5001735508503992,0.37997202552670706,0.20270270270270285,0.48946515397082646,0.6481481481481481
2018-10-24,0.5803771733034212,0.6860718171926005,0.5473793821589724,0.366858991170557,0.18918918918918926,0.5607779578606159,0.7222222222222221
2018-10-25,0.5653393157599552,0.6556039173014144,0.4203401596667823,0.3431243989859255,0.16216216216216228,0.41166936790923814,0.6111111111111109
2018-10-26,0.574383062254627,0.6724700761697495,0.4418604651162791,0.3325028411574439,0.18918918918918926,0.42463533225283634,0.5925925925925926
2018-10-27,0.5738572630398205,0.5337323177366702,0.09267615411315511,0.1158318034793252,0.18918918918918926,0.12641815235008103,0.14814814814814814
2018-10-28,0.5863712843522154,0.5435255712731228,0.09475876431794517,0.11207273363056214,0.20270270270270285,0.10048622366288484,0.07407407407407406
2018-10-29,0.5873878295008413,0.6893362350380848,0.44047205831308556,0.3137512020281493,0.20270270270270285,0.42463533225283634,0.5925925925925926
2018-10-30,0.5848990465507571,0.678998911860718,0.4196459562651854,0.2944313314100885,0.20270270270270285,0.39870340356564016,0.5555555555555556
2018-10-31,0.5788698822209759,0.6849836779107724,0.4439430753210688,0.2800507037328438,0.14864864864864868,0.4311183144246352,0.6296296296296295
2018-11-01,0.5483384744812115,0.6697497279651794,0.40229087122526874,0.2500655651717808,0.12162162162162171,0.3792544570502431,0.5925925925925926
2018-11-02,0.5372966909702749,0.6528835690968442,0.38979520999652884,0.24884168196520673,0.12162162162162171,0.3662884927066451,0.5925925925925926
2018-11-03,0.5352986539540101,0.4978237214363437,0.04547032280458163,0.05337004982953053,0.10810810810810811,0.0421393841166936,0.05555555555555555
2018-11-04,0.5302860347728547,0.4956474428726876,0.028809441166261718,0.0558615263571991,0.10810810810810811,0.0486223662884927,0.05555555555555555
2018-11-05,0.536315199102636,0.6599564744287267,0.4133981256508156,0.26383425124573845,0.12162162162162171,0.39870340356564016,0.6296296296296295
2018-11-06,0.5408020190689848,0.6648531011969532,0.4217285664699756,0.2663257277734069,0.1351351351351353,0.41166936790923814,0.6296296296296295
2018-11-07,0.5368059450364554,0.6648531011969532,0.4064560916348491,0.2756796922807937,0.12162162162162171,0.42463533225283634,0.6481481481481481
2018-11-08,0.5368059450364554,0.6539717083786724,0.43630683790350566,0.28254218026051225,0.12162162162162171,0.42463533225283634,0.6481481481481481
2018-11-09,0.5403112731351655,0.6523394994559303,0.4099271086428323,0.28818078503365696,0.12162162162162171,0.39870340356564016,0.6296296296296295
2018-11-10,0.5453238923163208,0.5065288356909684,0.05935439083651506,0.07273363056211202,0.1351351351351353,0.06158833063209068,0.05555555555555555
2018-11-11,0.5463404374649466,0.5076169749727965,0.06490801804928836,0.077104642014162,0.1351351351351353,0.06158833063209068,0.05555555555555555
2018-11-12,0.5558398766124509,0.6773667029379759,0.4612981603609857,0.32625229478101236,0.14864864864864868,0.4376012965964343,0.6481481481481481
2018-11-13,0.5718592260235558,0.6773667029379759,0.4585213467545991,0.3287437713086808,0.18918918918918926,0.4376012965964343,0.6111111111111109
2018-11-14,0.5753645541222658,0.6877040261153426,0.4772648385977091,0.33062330623306224,0.18918918918918926,0.4700162074554294,0.6481481481481481
2018-11-15,0.5658651149747617,0.6828073993471163,0.44741409232905227,0.30190576099309385,0.1351351351351353,0.4635332252836305,0.6851851851851851
2018-11-16,0.532809871003926,0.663220892274211,0.38354737938215877,0.24447067051315685,0.10810810810810811,0.3792544570502431,0.6111111111111109
2018-11-17,0.5238011777902413,0.48857453754080515,0.03852828878861503,0.042136550397761985,0.09459459459459474,0.03565640194489461,0.05555555555555555
2018-11-18,0.5212773415591699,0.4858541893362349,0.028809441166261718,0.040912667191188024,0.09459459459459474,0.02917341977309562,0.037037037037037035
2018-11-19,0.5262899607403253,0.6398258977149073,0.3891010065949324,0.2519451000961622,0.10810810810810811,0.3857374392220422,0.6111111111111109
2018-11-20,0.5288137969713965,0.6436343852013057,0.3814647691773688,0.2600751813969754,0.10810810810810811,0.359805510534846,0.5925925925925926
2018-11-21,0.5372966909702749,0.6414581066376495,0.3946546338077056,0.26129906460354924,0.12162162162162171,0.39222042139384106,0.6111111111111109
2018-11-22,0.5403112731351655,0.632752992383025,0.36688649774383875,0.24945362356849377,0.12162162162162171,0.346839546191248,0.5555555555555556
2018-11-23,0.5317933258553,0.6365614798694231,0.35716765012148544,0.2376081825334383,0.09459459459459474,0.3403565640194489,0.574074074074074
2018-11-24,0.5267807066741448,0.49075081610446125,0.03922249219021168,0.049654690095288,0.09459459459459474,0.06158833063209068,0.1111111111111111
2018-11-25,0.5232753785754347,0.4891186071817192,0.03644567858382497,0.04462802692543044,0.09459459459459474,0.0421393841166936,0.05555555555555555
2018-11-26,0.5273065058889512,0.6371055495103372,0.3821589725789657,0.25321269341725683,0.09459459459459474,0.359805510534846,0.5925925925925926
2018-11-27,0.5313025799214807,0.6294885745375407,0.36410968413745215,0.2500655651717808,0.09459459459459474,0.3533225283630469,0.5925925925925926
2018-11-28,0.5277972518227706,0.6420021762785635,0.38562998958694894,0.26317859952793066,0.08108108108108114,0.3792544570502431,0.6296296296296295
2018-11-29,0.5227846326416152,0.6376496191512513,0.3800763623741755,0.25255704169944926,0.09459459459459474,0.359805510534846,0.5925925925925926
2018-11-30,0.5238011777902413,0.6294885745375407,0.37591114196459563,0.2425911355887752,0.09459459459459474,0.359805510534846,0.5925925925925926
2018-12-01,0.5253084688726865,0.4940152339499455,0.04477611940298509,0.04340414371885659,0.09459459459459474,0.0486223662884927,0.07407407407407406
2018-12-02,0.653989063376332,0.49455930359085953,0.03644567858382497,0.17387883556254924,0.09459459459459474,0.5089141004862235,0.7592592592592591
2018-12-03,0.8147434099831745,0.8356909684439606,0.5876431794515792,0.2656700760555991,0.12162162162162171,0.8200972447325768,0.962962962962963
2018-12-04,0.5277972518227706,0.6360174102285091,0.4064560916348491,0.27192062243203063,0.10810810810810811,0.4505672609400323,0.6851851851851851
2018-12-05,0.5337913628715648,0.6583242655059847,0.41478653245400887,0.2844217151848939,0.12162162162162171,0.4440842787682334,0.6666666666666665
2018-12-06,0.5333006169377453,0.6599564744287267,0.43075321069073247,0.2944313314100885,0.10810810810810811,0.40518638573743926,0.6481481481481481
2018-12-07,0.5337913628715648,0.6561479869423285,0.38840680319333554,0.25072121688958837,0.10810810810810811,0.3792544570502431,0.6111111111111109
2018-12-08,0.5313025799214807,0.4918389553862893,0.041999305796598385,0.05839671299938798,0.09459459459459474,0.05510534846029169,0.09259259259259259
2018-12-09,0.529304542905216,0.4999999999999999,0.04547032280458163,0.05651717807500656,0.10810810810810811,0.0486223662884927,0.05555555555555555
2018-12-10,0.5302860347728547,0.6545157780195864,0.418951752863589,0.2781711688084624,0.12162162162162171,0.40518638573743926,0.6296296296296295
2018-12-11,0.5302860347728547,0.6441784548422197,0.4015966678236721,0.26881720430107536,0.09459459459459474,0.39870340356564016,0.6481481481481481
2018-12-12,0.52828799775659,0.6452665941240477,0.39673724401249555,0.26256665792464384,0.10810810810810811,0.39870340356564016,0.6296296296296295
2018-12-13,0.5257992148065059,0.6289445048966266,0.36966331135022557,0.25321269341725683,0.09459459459459474,0.39870340356564016,0.6481481481481481
2018-12-14,0.5378224901850813,0.6256800870511424,0.35577924331829214,0.24884168196520673,0.1351351351351353,0.3338735818476498,0.537037037037037
2018-12-15,0.5352986539540101,0.49455930359085953,0.0503297466157584,0.05402570154733799,0.10810810810810811,0.05510534846029169,0.07407407407407406
2018-12-16,0.5337913628715648,0.5059847660500543,0.043387712599791683,0.059008654602675126,0.10810810810810811,0.05510534846029169,0.07407407407407406
2018-12-17,0.5413278182837914,0.6305767138193688,0.37382853175980546,0.2606871230002622,0.10810810810810811,0.3533225283630469,0.574074074074074
2018-12-18,0.5388039820527201,0.6398258977149073,0.38354737938215877,0.2563161115482123,0.12162162162162171,0.3662884927066451,0.5925925925925926
2018-12-19,0.5313025799214807,0.6316648531011968,0.36966331135022557,0.25321269341725683,0.09459459459459474,0.3662884927066451,0.6111111111111109
2018-12-20,0.529304542905216,0.6376496191512513,0.3821589725789657,0.23944400734329918,0.10810810810810811,0.372771474878444,0.6111111111111109
2018-12-21,0.5388039820527201,0.6420021762785635,0.3252342936480387,0.21072646210333057,0.10810810810810811,0.31442463533225273,0.537037037037037
2018-12-22,0.52828799775659,0.4902067464635472,0.03852828878861503,0.048387096774193505,0.08108108108108114,0.0421393841166936,0.07407407407407406
2018-12-23,0.5302860347728547,0.49673558215451574,0.06351961124609506,0.07400122388320662,0.10810810810810811,0.06807131280388978,0.1111111111111111
2018-12-24,0.5368059450364554,0.6300326441784547,0.2981603609857687,0.2082349855756621,0.12162162162162171,0.29497568881685565,0.49999999999999994
2018-12-25,0.5358244531688166,0.5718171926006528,0.17459215550156193,0.1401783372672437,0.12162162162162171,0.1653160453808752,0.2962962962962962
2018-12-26,0.532809871003926,0.5723612622415668,0.19264144394307525,0.14704082524696205,0.10810810810810811,0.18476499189627227,0.3333333333333333
2018-12-27,0.5207865956253506,0.619151251360174,0.30024297119055865,0.2063554506512807,0.09459459459459474,0.2820097244732577,0.49999999999999994
2018-12-28,0.5262899607403253,0.6104461371055494,0.2835820895522386,0.18764752163650666,0.09459459459459474,0.2820097244732577,0.49999999999999994
2018-12-29,0.5207865956253506,0.488030467899891,0.03505727178063167,0.048387096774193505,0.09459459459459474,0.03565640194489461,0.05555555555555555
2018-12-30,0.5242919237240605,0.4918389553862893,0.03922249219021168,0.05149051490514911,0.09459459459459474,0.0486223662884927,0.07407407407407406
2018-12-31,0.5232753785754347,0.6158868335146899,0.28635890315862544,0.19512195121951226,0.09459459459459474,0.2820097244732577,0.49999999999999994
2019-01-01,0.5227846326416152,0.5609357997823721,0.16834432488719187,0.1308243727598567,0.09459459459459474,0.1653160453808752,0.31481481481481477
2019-01-02,0.5232753785754347,0.6305767138193688,0.32037486983686214,0.22195996153509923,0.09459459459459474,0.32090761750405183,0.5555555555555556
2019-01-03,0.5358244531688166,0.6262241566920564,0.32176327664005544,0.23323717108138842,0.10810810810810811,0.30145867098865475,0.5185185185185184
2019-01-04,0.5433258553000562,0.6273122959738846,0.33009371745921545,0.23323717108138842,0.1351351351351353,0.30794165316045374,0.49999999999999994
2019-01-05,0.5383132361189007,0.5027203482045701,0.04547032280458163,0.06150013113034358,0.12162162162162171,0.0486223662884927,0.037037037037037035
2019-01-06,0.5308118339876613,0.49510337323177356,0.03505727178063167,0.04589562024652505,0.09459459459459474,0.0421393841166936,0.05555555555555555
2019-01-07,0.5297952888390354,0.6262241566920564,0.3453661922943422,0.25509222834163847,0.10810810810810811,0.3338735818476498,0.5555555555555556
2019-01-08,0.5308118339876613,0.6256800870511424,0.34744880249913235,0.2407116006643938,0.10810810810810811,0.3338735818476498,0.5555555555555556
2019-01-09,0.5352986539540101,0.6256800870511424,0.3502256161055187,0.23822012413672533,0.10810810810810811,0.3338735818476498,0.5555555555555556
2019-01-10,0.536315199102636,0.6278563656147985,0.35161402290871224,0.24009965906110675,0.12162162162162171,0.32739059967585094,0.537037037037037
2019-01-11,0.5262899607403253,0.6256800870511424,0.33564734467198887,0.2275985663082437,0.10810810810810811,0.31442463533225273,0.537037037037037
2019-01-12,0.52828799775659,0.48639825897714895,0.032280458174245075,0.04711950345309901,0.09459459459459474,0.06807131280388978,0.1296296296296296
2019-01-13,0.5212773415591699,0.4874863982589771,0.031586254772648314,0.04711950345309901,0.09459459459459474,0.0421393841166936,0.05555555555555555
2019-01-14,0.5242919237240605,0.6305767138193688,0.35855605692467896,0.24009965906110675,0.09459459459459474,0.372771474878444,0.6111111111111109
2019-01-15,0.5238011777902413,0.6316648531011968,0.364803887539049,0.23695253081563072,0.08108108108108114,0.3403565640194489,0.5925925925925926
2019-01-16,0.5218031407739764,0.6218715995647442,0.3488372093023254,0.23883206574001214,0.08108108108108114,0.359805510534846,0.6111111111111109
2019-01-17,0.5288137969713965,0.6300326441784547,0.3578618535230823,0.26129906460354924,0.08108108108108114,0.3533225283630469,0.6111111111111109
2019-01-18,0.5408020190689848,0.6289445048966266,0.34467198889274553,0.23822012413672533,0.1351351351351353,0.32090761750405183,0.5185185185185184
2019-01-19,0.5378224901850813,0.5021762785636561,0.031586254772648314,0.03964507387009353,0.10810810810810811,0.0421393841166936,0.05555555555555555
2019-01-20,0.5277972518227706,0.4934711643090315,0.03991669559180833,0.05087857330186196,0.08108108108108114,0.08752025931928686,0.18518518518518515
2019-01-21,0.5288137969713965,0.6224156692056582,0.33148212426240875,0.23572864760905687,0.10810810810810811,0.32090761750405183,0.537037037037037
2019-01-22,0.5348079080201907,0.6153427638737756,0.3335647344671989,0.2425911355887752,0.10810810810810811,0.32090761750405183,0.537037037037037
2019-01-23,0.536315199102636,0.6300326441784547,0.3509198195071156,0.24320307719206224,0.12162162162162171,0.3338735818476498,0.537037037037037
2019-01-24,0.5372966909702749,0.6273122959738846,0.35577924331829214,0.25382463502054387,0.09459459459459474,0.3403565640194489,0.574074074074074
2019-01-25,0.5337913628715648,0.620783460282916,0.3502256161055187,0.23323717108138842,0.10810810810810811,0.32739059967585094,0.5555555555555556
2019-01-26,0.5348079080201907,0.4934711643090315,0.043387712599791683,0.05149051490514911,0.09459459459459474,0.0486223662884927,0.07407407407407406
2019-01-27,0.5253084688726865,0.4918389553862893,0.032280458174245075,0.04462802692543044,0.09459459459459474,0.0421393841166936,0.05555555555555555
2019-01-28,0.5253084688726865,0.6077257889009793,0.33148212426240875,0.23695253081563072,0.08108108108108114,0.3338735818476498,0.574074074074074
2019-01-29,0.5308118339876613,0.619695321001088,0.34467198889274553,0.2419791939854884,0.12162162162162171,0.32739059967585094,0.537037037037037
2019-01-30,0.5288137969713965,0.6229597388465722,0.3377299548767788,0.2376081825334383,0.10810810810810811,0.32739059967585094,0.5555555555555556
2019-01-31,0.5313025799214807,0.6158868335146899,0.3377299548767788,0.23883206574001214,0.09459459459459474,0.32739059967585094,0.5555555555555556
2019-02-01,0.536315199102636,0.6169749727965178,0.30163137799375195,0.21138211382113814,0.12162162162162171,0.2820097244732577,0.48148148148148145
2019-02-02,0.5403112731351655,0.49075081610446125,0.03644567858382497,0.07273363056211202,0.05405405405405417,0.05510534846029169,0.14814814814814814
2019-02-03,0.5433258553000562,0.5038084874863982,0.03505727178063167,0.05774106128158052,0.12162162162162171,0.0486223662884927,0.037037037037037035
2019-02-04,0.5333006169377453,0.619151251360174,0.32870531065602215,0.23446105428796227,0.10810810810810811,0.31442463533225273,0.537037037037037
2019-02-05,0.532809871003926,0.6256800870511424,0.3453661922943422,0.23135763615700677,0.10810810810810811,0.3403565640194489,0.5555555555555556
2019-02-06,0.5438166012338754,0.6240478781284003,0.35300242971190554,0.24447067051315685,0.1351351351351353,0.3662884927066451,0.574074074074074
2019-02-07,0.532809871003926,0.6164309031556038,0.33703575147518217,0.2419791939854884,0.10810810810810811,0.32739059967585094,0.5555555555555556
2019-02-08,0.5383132361189007,0.61860718171926,0.31204442901770213,0.22073607832852538,0.12162162162162171,0.30145867098865475,0.49999999999999994
2019-02-09,0.5348079080201907,0.49945593035908586,0.03713988198542162,0.04528367864323801,0.12162162162162171,0.03565640194489461,0.01851851851851851
2019-02-10,0.5317933258553,0.4940152339499455,0.03991669559180833,0.04711950345309901,0.10810810810810811,0.0421393841166936,0.05555555555555555
2019-02-11,0.5232753785754347,0.6158868335146899,0.3064908018049287,0.21758895008304935,0.09459459459459474,0.30794165316045374,0.537037037037037
2019-02-12,0.5333006169377453,0.6088139281828073,0.3363415480735853,0.23883206574001214,0.10810810810810811,0.32739059967585094,0.5555555555555556
2019-02-13,0.5277972518227706,0.6224156692056582,0.35855605692467896,0.24945362356849377,0.09459459459459474,0.39222042139384106,0.6296296296296295
2019-02-14,0.5448331463825015,0.6164309031556038,0.36133287053106555,0.27192062243203063,0.10810810810810811,0.359805510534846,0.5925925925925926
2019-02-15,0.5578379136287156,0.6229597388465722,0.3481430059007288,0.26129906460354924,0.14864864864864868,0.346839546191248,0.537037037037037
2019-02-16,0.5558398766124509,0.515778019586507,0.06629642485248166,0.07898417693854354,0.1351351351351353,0.06807131280388978,0.07407407407407406
2019-02-17,0.5388039820527201,0.5021762785636561,0.04616452620617839,0.06276772445143797,0.12162162162162171,0.05510534846029169,0.05555555555555555
2019-02-18,0.6414750420639372,0.6131664853101196,0.49878514404720564,0.6772008042661074,0.12162162162162171,0.6645056726094002,0.8518518518518516
2019-02-19,0.8092400448681998,0.9015233949945592,0.6195765359250259,0.29692280793775694,0.22972972972972983,0.6774716369529984,0.7962962962962963
2019-02-20,0.6720064498037016,0.6447225244831337,0.6084692814994793,0.7365154296704258,0.18918918918918926,0.7163695299837926,0.8518518518518516
2019-02-21,0.9214105440269211,0.9260065288356908,0.7327316903852829,0.7340239531427574,0.8648648648648651,0.7098865478119935,0.40740740740740733
2019-02-22,0.9219012899607404,0.9205658324265505,0.6876084692814993,0.6928053151499259,0.8648648648648651,0.6645056726094002,0.37037037037037035
2019-02-23,0.9294026920919798,0.8025027203482044,0.44741409232905227,0.5541568318908995,0.8648648648648651,0.41815235008103724,0.037037037037037035
2019-02-24,0.9163979248457657,0.7916213275299236,0.42381117667476575,0.5410437975347496,0.8243243243243243,0.41815235008103724,0.07407407407407406
2019-02-25,0.9193774537296691,0.9238302502720347,0.7403679278028462,0.7589824285339629,0.8378378378378379,0.7163695299837926,0.4444444444444444
2019-02-26,0.9434240044868201,0.9281828073993469,0.748698368622006,0.7796136025876389,0.8783783783783783,0.833063209076175,0.5185185185185184
2019-02-27,0.9519419517666854,0.929815016322089,0.7986810135369663,0.8332896232188128,0.8783783783783783,0.7941653160453809,0.48148148148148145
2019-02-28,0.9734646662927651,0.9657236126224155,0.8000694203401596,0.8070635545065129,0.972972972972973,0.7487844408427876,0.38888888888888884
2019-03-01,0.9779865395401011,0.9651795429815014,0.7861853523082262,0.792726636943789,0.972972972972973,0.7487844408427876,0.38888888888888884
2019-03-02,0.974481211441391,0.8313384113166484,0.4765706351961124,0.6022379578634497,0.9459459459459458,0.4505672609400323,0.01851851851851851
2019-03-03,0.9684520471116096,0.8324265505984765,0.46060395695938905,0.5934959349593495,0.9324324324324327,0.4440842787682334,0.01851851851851851
2019-03-04,0.9579360628154796,0.9472252448313382,0.7688302672683095,0.762741498382726,0.9324324324324327,0.7293354943273905,0.38888888888888884
2019-03-05,0.9654725182277062,0.9542981501632207,0.7792433182922595,0.8064516129032259,0.9324324324324327,0.7358184764991896,0.38888888888888884
2019-03-06,0.9644559730790803,0.9472252448313382,0.7771607080874695,0.7914590436226944,0.9324324324324327,0.7358184764991896,0.38888888888888884
2019-03-07,0.9429332585530006,0.9276387377584329,0.7702186740715028,0.7864760905673575,0.9054054054054055,0.7228525121555914,0.40740740740740733
2019-03-08,0.9449312955692653,0.9205658324265505,0.748698368622006,0.7383949645948075,0.8918918918918919,0.7293354943273905,0.40740740740740733
2019-03-09,0.9404094223219293,0.8128400435255712,0.4557445331482123,0.5660459830404757,0.8918918918918919,0.42463533225283634,0.037037037037037035
2019-03-10,0.9384113853056646,0.8133841131664852,0.435612634501909,0.5510534137599442,0.8918918918918919,0.41166936790923814,0.0
2019-03-11,0.9394279304542905,0.9183895538628942,0.7375911141964594,0.7671125098347759,0.8918918918918919,0.6969205834683955,0.38888888888888884
2019-03-12,0.9479458777341561,0.9232861806311207,0.7480041652204094,0.7639653815892998,0.8648648648648651,0.7098865478119935,0.40740740740740733
2019-03-13,0.8432767807066741,0.9205658324265505,0.48143005900728897,0.35496984002098075,0.2702702702702704,0.7034035656401944,0.7962962962962963
2019-03-14,0.593907739764442,0.6566920565832426,0.4085387018396388,0.318777865198007,0.20270270270270285,0.39222042139384106,0.5555555555555556
2019-03-15,0.5688446438586652,0.6420021762785635,0.3620270739326622,0.2750677506775069,0.14864864864864868,0.3403565640194489,0.537037037037037
2019-03-16,0.5348079080201907,0.4923830250272033,0.04547032280458163,0.06587114258239357,0.10810810810810811,0.0486223662884927,0.05555555555555555
2019-03-17,0.5368059450364554,0.49075081610446125,0.03575147518222843,0.05087857330186196,0.10810810810810811,0.0421393841166936,0.05555555555555555
2019-03-18,0.5277972518227706,0.5973884657236125,0.33981256508156876,0.2656700760555991,0.09459459459459474,0.32739059967585094,0.5555555555555556
2019-03-19,0.5333006169377453,0.6060935799782371,0.3689691079486289,0.2738001573564123,0.10810810810810811,0.3792544570502431,0.6111111111111109
2019-03-20,0.5433258553000562,0.6104461371055494,0.3620270739326622,0.2813182970539384,0.1351351351351353,0.372771474878444,0.574074074074074
2019-03-21,0.536315199102636,0.6169749727965178,0.35577924331829214,0.2682052626977883,0.12162162162162171,0.346839546191248,0.5555555555555556
2019-03-22,0.5285333707234997,0.6115342763873775,0.33859770912877474,0.24635020543753827,0.10810810810810811,0.32739059967585094,0.5555555555555556
2019-03-23,0.5220485137408862,0.4855821545157779,0.023602915654286738,0.04025701547338045,0.08783783783783794,0.02593192868719607,0.037037037037037035
2019-03-24,0.5192793045429052,0.48231773667029365,0.012148559527941694,0.02246699886353698,0.08108108108108114,0.02593192868719607,0.037037037037037035
2019-03-25,0.6289610207515424,0.5903155603917299,0.6699062825407843,0.747442958300551,0.10135135135135132,0.7163695299837926,0.9074074074074072
2019-03-26,0.9083707234997196,0.8914581066376494,0.7438389448108295,0.7464813357810999,0.8445945945945945,0.7196110210696919,0.4444444444444444
2019-03-27,0.8948401570386988,0.7731229597388464,0.38042346407497385,0.6834513506425389,0.6554054054054055,0.7552674230145867,0.5925925925925926
2019-03-28,0.8755608524957936,0.8819368879216537,0.7414092329052412,0.738088993793164,0.7635135135135138,0.7196110210696919,0.48148148148148145
2019-03-29,0.89035333707235,0.8903699673558214,0.7445331482124261,0.7305708540956378,0.8108108108108107,0.7163695299837926,0.46296296296296297
2019-03-30,0.892106001121705,0.768498367791077,0.4040263797292606,0.5179648570679257,0.7972972972972976,0.3954619124797406,0.05555555555555555
2019-03-31,0.8968732473359509,0.7725788900979323,0.39777854911489074,0.509528804965469,0.8108108108108107,0.3857374392220422,0.037037037037037035
2019-04-01,0.8870933819405498,0.8511969532100108,0.7337729954876776,0.7736690270128509,0.7972972972972976,0.7001620745542948,0.4444444444444444
2019-04-02,0.8881099270891757,0.855549510337323,0.7254425546685178,0.7486668415071248,0.783783783783784,0.6969205834683955,0.4444444444444444
2019-04-03,0.8953659562535055,0.8479325353645264,0.7386324192988544,0.7730570854095641,0.8040540540540542,0.7163695299837926,0.46296296296296297
2019-04-04,0.9153813796971397,0.8631120783460282,0.7345713293995139,0.814843954891162,0.12162162162162171,0.9032955159373312,1.0
2019-04-05,0.9374298934380259,0.9017954298150161,0.7799375216938561,0.8204825596643065,0.9054054054054055,0.7552674230145867,0.4259259259259259
2019-04-06,0.9406898485698263,0.8063112078346028,0.4696286011801457,0.5832240580470321,0.8851351351351353,0.44084278768233387,0.05555555555555555
2019-04-07,0.9464385866517107,0.8076713819368878,0.45539743144741396,0.5735204126234811,0.8581081081081081,0.46677471636952983,0.1111111111111111
2019-04-08,0.9336791923724062,0.8951305767138192,0.747483512669212,0.7898854794999565,0.8783783783783783,0.7098865478119935,0.40740740740740733
2019-04-09,0.91163067863152,0.8775843307943415,0.739326622700451,0.778040038464901,0.8581081081081081,0.6904376012965964,0.38888888888888884
2019-04-10,0.914399887829501,0.871055495103373,0.7445331482124261,0.793338578547076,0.8513513513513515,0.7228525121555914,0.4259259259259259
2019-04-11,0.9078799775659003,0.8683351468988029,0.7421034363068378,0.775242591135589,0.8445945945945945,0.7066450567260939,0.4259259259259259
2019-04-12,0.8074873808188447,0.8669749727965177,0.590419993057966,0.34404231139085584,0.20945945945945943,0.6677471636952997,0.7962962962962963
2019-04-13,0.5613432417274257,0.5195865070729052,0.07948628948281844,0.09397674621907515,0.15540540540540548,0.0907617504051863,0.1111111111111111
2019-04-14,0.5633412787436903,0.5304678998911859,0.07740367927802849,0.09270915289798054,0.15540540540540548,0.09400324149108585,0.1111111111111111
2019-04-15,0.5666012338754908,0.5973884657236125,0.3766053453661923,0.34841332284290594,0.18243243243243246,0.359805510534846,0.5185185185185184
2019-04-16,0.5718592260235558,0.6101741022850924,0.38320027768136045,0.3537459568144069,0.19594594594594605,0.3792544570502431,0.537037037037037
2019-04-17,0.5685992708917554,0.6123503808487486,0.4015966678236721,0.3643675146428885,0.17567567567567566,0.39222042139384106,0.574074074074074
2019-04-18,0.5681085249579361,0.6137105549510337,0.400208261020479,0.3705743509047993,0.16891891891891908,0.40518638573743926,0.5925925925925926
2019-04-19,0.5641124509254066,0.5522306855277475,0.23637625824366537,0.25976921059533187,0.16891891891891908,0.22690437601296587,0.3518518518518518
2019-04-20,0.5578379136287156,0.5138737758433078,0.07497396737244,0.10271876912317512,0.15540540540540548,0.08103727714748776,0.07407407407407406
2019-04-21,0.5551037577117218,0.5111534276387376,0.07670947587643173,0.09677419354838701,0.15540540540540548,0.07455429497568877,0.07407407407407406
2019-04-22,0.557592540661806,0.5497823721436343,0.21832696980215183,0.22414546726112416,0.16216216216216228,0.20421393841166935,0.31481481481481477
2019-04-23,0.5535964666292765,0.633569096844396,0.46199236376258235,0.38495497858204397,0.16216216216216228,0.44084278768233387,0.6296296296296295
2019-04-24,0.5540872125630959,0.6235038084874862,0.4127039222492189,0.36655302036891346,0.15540540540540548,0.47974068071312803,0.6851851851851851
2019-04-25,0.5615886146943354,0.6123503808487486,0.3946546338077056,0.34530990471195044,0.15540540540540548,0.39222042139384106,0.5925925925925926
2019-04-26,0.646978407178912,0.5990206746463547,0.3186393613328705,0.6772008042661074,0.14864864864864868,0.7358184764991896,0.8888888888888888
2019-04-27,0.8853407178911947,0.7695865070729052,0.38979520999652884,0.4951481772882246,0.7905405405405406,0.3695299837925444,0.01851851851851851
2019-04-28,0.89035333707235,0.7646898803046789,0.38354737938215877,0.5142057872191627,0.777027027027027,0.3889789303079415,0.05555555555555555
2019-04-29,0.7864554122265845,0.8525571273122959,0.47309961818812896,0.2991083136637819,0.14189189189189189,0.6612641815235006,0.8333333333333333
2019-04-30,0.5388039820527201,0.5715451577801958,0.33668864977438384,0.30190576099309385,0.1351351351351353,0.33063209076175026,0.537037037037037
2019-05-01,0.5433258553000562,0.5794341675734492,0.3418951752863587,0.2856893085059885,0.1351351351351353,0.35656401944894645,0.5555555555555556
2019-05-02,0.5443073471676949,0.5832426550598475,0.33460603956959367,0.27786519800681886,0.1351351351351353,0.346839546191248,0.5555555555555556
2019-05-03,0.5410824453168817,0.5875952121871598,0.32592849704963534,0.2616487455197133,0.12162162162162171,0.32739059967585094,0.537037037037037
2019-05-04,0.5375771172181716,0.5002720348204569,0.059007289135716734,0.06836261911006203,0.12162162162162171,0.05186385737439214,0.05555555555555555
2019-05-05,0.5290591699383063,0.49102285092491826,0.03644567858382497,0.0424425211994055,0.09459459459459474,0.0486223662884927,0.07407407407407406
2019-05-06,0.5260445877734156,0.5288356909684439,0.18431100312391535,0.1792114695340502,0.08108108108108114,0.17179902755267418,0.3518518518518518
2019-05-07,0.6339736399326977,0.5788900979325352,0.5609163484901075,0.7252819302386574,0.10810810810810811,0.7455429497568881,0.9259259259259258
2019-05-08,0.8925967470555245,0.8525571273122959,0.694550503297466,0.7464813357810999,0.8108108108108107,0.6645056726094002,0.40740740740740733
2019-05-09,0.9026219854178352,0.8582698585418932,0.6917736896910794,0.7305708540956378,0.8310810810810814,0.6450567260940031,0.37037037037037035
2019-05-10,0.9091418956814359,0.8506528835690966,0.6886497743838943,0.7583704869306759,0.8175675675675678,0.6482982171799027,0.37037037037037035
2019-05-11,0.9276500280426248,0.7959738846572361,0.4425546685178757,0.5616749715884256,0.8445945945945945,0.41815235008103724,0.05555555555555555
2019-05-12,0.9214105440269211,0.7948857453754078,0.4397778549114889,0.5576099309380192,0.8445945945945945,0.42463533225283634,0.07407407407407406
2019-05-13,0.9214105440269211,0.8784004352557127,0.7511280805275943,0.7830229915202379,0.8581081081081081,0.726094003241491,0.4259259259259259
2019-05-14,0.9316461020751543,0.9194776931447223,0.7719541825754944,0.8192586764577324,0.8851351351351353,0.758508914100486,0.4444444444444444
2019-05-15,0.9179052159282111,0.9211099020674646,0.7549461992363761,0.769298015560801,0.8175675675675678,0.7358184764991896,0.46296296296296297
2019-05-16,0.8913348289399887,0.8968988030467898,0.7670947587643179,0.7646210333071074,0.7972972972972976,0.7228525121555914,0.46296296296296297
2019-05-17,0.8965928210880538,0.898803046789989,0.7368969107948627,0.753387533875339,0.8040540540540542,0.6871961102106968,0.4259259259259259
2019-05-18,0.9156267526640494,0.782100108813928,0.4137452273516139,0.5273188215753125,0.8310810810810814,0.3954619124797406,0.037037037037037035
2019-05-19,0.9063726864834549,0.7848204570184982,0.4422075668170772,0.5463764315062506,0.8310810810810814,0.4213938411669368,0.07407407407407406
2019-05-20,0.9301738642736961,0.9170293797606092,0.7664005553627212,0.8098610018358249,0.8716216216216217,0.726094003241491,0.4259259259259259
2019-05-21,0.9379206393718453,0.9224700761697496,0.7854911489066295,0.8513856106302998,0.8918918918918919,0.7779578606158831,0.46296296296296297
2019-05-22,0.9361679753224903,0.9230141458106637,0.8000694203401596,0.8635807325815196,0.8716216216216217,0.7876823338735818,0.48148148148148145
2019-05-23,0.9434240044868201,0.9328073993471163,0.8326969802152028,0.8832502841157445,0.8986486486486489,0.8200972447325768,0.49999999999999994
2019-05-24,0.9666993830622546,0.9412404787812839,0.8188129121832696,0.8832502841157445,0.9256756756756757,0.8071312803889789,0.46296296296296297
2019-05-25,0.9887478968031409,0.8492927094668116,0.5508503991669557,0.7196433254655129,0.9864864864864866,0.5542949756888168,0.14814814814814814
2019-05-26,0.9759885025238364,0.8452121871599563,0.5178757375911139,0.6634321181921498,0.972972972972973,0.5089141004862235,0.09259259259259259
2019-05-27,0.9589526079641055,0.8813928182807398,0.6431794515793127,0.742460005245214,0.9189189189189191,0.6288492706645056,0.2962962962962962
2019-05-28,0.9619671901289961,0.9496735582154515,0.7924331829225962,0.8342512457382641,0.9391891891891893,0.7552674230145867,0.40740740740740733
2019-05-29,0.9666993830622546,0.9382480957562568,0.7761194029850745,0.8448290934522248,0.9189189189189191,0.7228525121555914,0.38888888888888884
2019-05-30,1.0,0.973340587595212,0.9142658799028113,0.9600489553282631,1.0000000000000002,0.8752025931928685,0.48148148148148145
2019-05-31,0.9920078519349411,0.9828618063112077,0.8604651162790696,0.8969752600751816,1.0000000000000002,0.8071312803889789,0.4259259259259259
2019-06-01,0.9812464946719013,0.8318824809575625,0.6115931968066642,0.768686073957514,0.9256756756756757,0.6223662884927065,0.2777777777777778
2019-06-02,0.9889932697700505,0.8628944504896625,0.5793127386324192,0.6609406416644813,0.9864864864864866,0.5769854132901134,0.18518518518518515
2019-06-03,0.9622125630959057,0.9749727965179541,0.9267615411315514,0.8698312789579511,0.9054054054054055,0.886547811993517,0.5555555555555556
2019-06-04,0.9469293325855299,0.973612622415669,0.8965636931620963,0.840807762916339,0.9054054054054055,0.8784440842787681,0.537037037037037
2019-06-05,0.9401640493550196,0.9504896626768226,0.8295730649080179,0.8314100882944314,0.8851351351351353,0.7974068071312802,0.48148148148148145
2019-06-06,0.9351514301738642,0.942328618063112,0.8340853870183963,0.8311041174927879,0.8648648648648651,0.7941653160453809,0.49999999999999994
2019-06-07,0.9471747055524398,0.930903155603917,0.7723012842762927,0.7989334732056997,0.8783783783783783,0.7811993517017827,0.48148148148148145
2019-06-08,0.9534492428491308,0.8248095756256799,0.47969455050329735,0.6038115219861876,0.8851351351351353,0.4764991896272285,0.1111111111111111
2019-06-09,0.9429332585530006,0.8060391730141456,0.46754599097535554,0.5922720517527756,0.8648648648648651,0.44732576985413275,0.09259259259259259
2019-06-10,0.942687885586091,0.9382480957562568,0.7681360638667128,0.7767724451438064,0.8986486486486489,0.726094003241491,0.40740740740740733
2019-06-11,0.9474200785193494,0.9330794341675733,0.7948628948281845,0.8133141008829444,0.9054054054054055,0.7844408427876822,0.46296296296296297
2019-06-12,0.8635726303982054,0.855549510337323,0.4328358208955222,0.3862225719031386,0.29054054054054057,0.6353322528363047,0.7222222222222221
2019-06-13,0.6244391475042064,0.6716539717083786,0.4081916001388407,0.3621820089168636,0.2635135135135136,0.505672609400324,0.6296296296296295
2019-06-14,0.6034071789119462,0.6757344940152339,0.46199236376258235,0.35435789841769394,0.23648648648648662,0.4376012965964343,0.574074074074074
2019-06-15,0.5989203589455973,0.5432535364526658,0.10239500173550842,0.13768686073957526,0.22297297297297303,0.10696920583468394,0.05555555555555555
2019-06-16,0.5878785754346606,0.5427094668117518,0.1117667476570634,0.13738088993793174,0.20270270270270285,0.10696920583468394,0.09259259259259259
2019-06-17,0.6001472237801457,0.6857997823721436,0.5154460256855257,0.4024390243902439,0.21621621621621623,0.5024311183144247,0.6481481481481481
2019-06-18,0.586897083567022,0.6822633297062023,0.5105866018743491,0.41306058221872555,0.20945945945945943,0.49594813614262556,0.6481481481481481
2019-06-19,0.6036525518788558,0.7029379760609358,0.5376605345366191,0.424294081650494,0.23648648648648662,0.5316045380875202,0.6666666666666665
2019-06-20,0.5838825014021313,0.6803590859630032,0.47552933009371745,0.3749453623568494,0.20945945945945943,0.4991896272285251,0.6481481481481481
2019-06-21,0.6825224340998317,0.9099564744287266,0.8264491496008329,0.814581694204039,0.19594594594594605,0.8006482982171798,0.9074074074074072
2019-06-22,0.9261427369601796,0.811479869423286,0.48385977091287724,0.6175364979456247,0.8581081081081081,0.47974068071312803,0.14814814814814814
2019-06-23,0.9411805945036456,0.8109357997823721,0.5262061784102742,0.6509747355538072,0.8851351351351353,0.5121555915721231,0.16666666666666666
2019-06-24,0.8670779584969155,0.8726877040261152,0.6036098576883026,0.48238482384823855,0.32432432432432434,0.5769854132901134,0.6481481481481481
2019-06-25,0.6409842961301178,0.7276931447225243,0.5529330093717458,0.49484220648658106,0.31081081081081097,0.5380875202593193,0.6111111111111109
2019-06-26,0.6382150869321369,0.7192600652883568,0.5446025685525858,0.46455109712387455,0.25,0.5413290113452188,0.6666666666666665
2019-06-27,0.5881239484015705,0.7023939064200215,0.564387365498091,0.4364892036017135,0.21621621621621623,0.5640194489465152,0.7037037037037037
2019-06-28,0.587633202467751,0.6814472252448311,0.5067684831655673,0.4592621732668941,0.20270270270270285,0.5380875202593193,0.7037037037037037
2019-06-29,0.5989203589455973,0.5530467899891185,0.19507115584866352,0.22668065390331338,0.23648648648648662,0.18476499189627227,0.2037037037037037
2019-06-30,0.5748738081884465,0.5258433079434166,0.07705657757723006,0.11268467523384917,0.20270270270270285,0.08752025931928686,0.037037037037037035
2019-07-01,0.5731211441390914,0.692056583242655,0.4901076015272473,0.37997202552670706,0.20270270270270285,0.4700162074554294,0.6296296296296295
2019-07-02,0.5746284352215368,0.6822633297062023,0.46893439777854906,0.38276947285601903,0.19594594594594605,0.4505672609400323,0.6111111111111109
2019-07-03,0.5811132922041503,0.6852557127312295,0.4762235334953139,0.38871404843080704,0.21621621621621623,0.4635332252836305,0.6111111111111109
2019-07-04,0.5748738081884465,0.6882480957562567,0.4901076015272473,0.4071160066439373,0.20270270270270285,0.492706645056726,0.6481481481481481
2019-07-05,0.6877804262478968,0.9809575625680086,0.9864630336688648,0.9416469971151326,0.19594594594594605,0.965964343598055,1.0
2019-07-06,0.944440549635446,0.8169205658324264,0.5456438736549808,0.6928053151499259,0.8851351351351353,0.5348460291734197,0.2037037037037037
2019-07-07,0.93991867638811,0.8150163220892273,0.48351266921207914,0.5982166273275639,0.8851351351351353,0.492706645056726,0.1296296296296296
2019-07-08,0.9319265283230511,0.9787812840043525,0.9684137452273515,0.9485094850948511,0.8581081081081081,0.9400324149108589,0.6111111111111109
2019-07-09,0.9574453168816601,0.9999999999999999,0.9708434571329397,0.9500830492175892,0.9121621621621621,0.9335494327390598,0.574074074074074
2019-07-10,0.9512058328659563,0.9956474428726875,0.9999999999999999,0.99562898854795,0.9054054054054055,0.9999999999999999,0.6296296296296295
2019-07-11,0.969959338194055,0.9774211099020672,0.9423811176674765,0.9797185068624882,0.9189189189189191,0.9173419773095622,0.574074074074074
2019-07-12,0.9729739203589456,0.9896626768226332,0.9489760499826446,1.0,0.9391891891891893,0.9270664505672609,0.5555555555555556
2019-07-13,0.9684520471116096,0.8367791077257888,0.5071155848663659,0.6765451525482996,0.9391891891891893,0.5218800648298217,0.1296296296296296
2019-07-14,0.9609506449803702,0.8272578890097931,0.49843804234640754,0.6572252819302388,0.9324324324324327,0.5089141004862235,0.1296296296296296
2019-07-15,0.9479458777341561,0.9605549510337322,0.6077750780978827,0.4539732494099137,0.2770270270270272,0.7844408427876822,0.8333333333333333
2019-07-16,0.8345134604598992,0.9589227421109899,0.5557098229781327,0.4211906635195385,0.2567567567567568,0.8200972447325768,0.8703703703703702
2019-07-17,0.5863712843522154,0.7032100108813927,0.5328011107254423,0.3865285427047821,0.18243243243243246,0.5575364667747164,0.7222222222222221
2019-07-18,0.5653393157599552,0.6428182807399346,0.42138146476917726,0.376212955677944,0.1283783783783785,0.5251215559157211,0.7407407407407407
2019-07-19,0.5741026360067303,0.6430903155603916,0.4435959736202707,0.32904974211032434,0.17567567567567566,0.5024311183144247,0.6851851851851851
2019-07-20,0.5490745933819405,0.5092491838955385,0.06768483165567507,0.08864411224757407,0.14864864864864868,0.07131280388978922,0.07407407407407406
2019-07-21,0.5408020190689848,0.503264417845484,0.06351961124609506,0.0755310778914241,0.14189189189189189,0.05834683954619124,0.037037037037037035
2019-07-22,0.5553491306786316,0.7059303590859628,0.6174939257202358,0.48050528892385713,0.1351351351351353,0.625607779578606,0.8148148148148147
2019-07-23,0.6680103757711722,0.7255168661588681,0.7053106560222143,0.7639653815892998,0.14864864864864868,0.6952998379254457,0.8703703703703702
2019-07-24,0.7917134043746497,0.9083242655059847,0.671641791044776,0.43898068012938196,0.17567567567567566,0.6969205834683955,0.8518518518518516
2019-07-25,0.5540872125630959,0.7241566920565831,0.7198889274557444,0.5166972637468311,0.15540540540540548,0.6904376012965964,0.8518518518518516
2019-07-26,0.5595905776780706,0.693960826985854,0.48767788962165903,0.3390593583355189,0.16891891891891908,0.47974068071312803,0.6666666666666665
2019-07-27,0.5485838474481212,0.5051686615886832,0.051718153418951696,0.07400122388320662,0.14864864864864868,0.05186385737439214,0.01851851851851851
2019-07-28,0.5440619742007852,0.501632208922742,0.06699062825407842,0.08427310079552408,0.14189189189189189,0.07131280388978922,0.07407407407407406
2019-07-29,0.5433258553000562,0.678182807399347,0.4928844151336341,0.3518664218900255,0.1351351351351353,0.46677471636952983,0.6851851851851851
2019-07-30,0.5518438025799215,0.6757344940152339,0.43769524470669896,0.31593670775417426,0.15540540540540548,0.4149108589951377,0.6111111111111109
2019-07-31,0.5420639371845205,0.6599564744287267,0.4297119055883373,0.34841332284290594,0.1351351351351353,0.492706645056726,0.7037037037037037
2019-08-01,0.5480931015143017,0.6384657236126222,0.46233946546338067,0.34251245738263847,0.1351351351351353,0.4991896272285251,0.7037037037037037
2019-08-02,0.5571017947279866,0.6512513601741022,0.4258937868795555,0.33219687035580037,0.16891891891891908,0.5380875202593193,0.7222222222222221
2019-08-03,0.5508272574312956,0.5068008705114253,0.06490801804928836,0.07990208934347409,0.14864864864864868,0.06158833063209068,0.037037037037037035
2019-08-04,0.5510726303982052,0.5136017410228508,0.07532106907323832,0.09367077541743163,0.14864864864864868,0.08427876823338731,0.09259259259259259
2019-08-05,0.55657599551318,0.664581066376496,0.5171815341895175,0.373415508348632,0.16216216216216228,0.4991896272285251,0.6851851851851851
2019-08-06,0.5583286595625351,0.6896082698585417,0.49496702533842407,0.34871929364454923,0.16216216216216228,0.47974068071312803,0.6666666666666665
2019-08-07,0.5571017947279866,0.6471708378672469,0.48247136410968394,0.3243727598566307,0.15540540540540548,0.5024311183144247,0.7037037037037037
2019-08-08,0.5500911385305666,0.6360174102285091,0.4585213467545991,0.3284378005070373,0.14864864864864868,0.46029173419773095,0.6666666666666665
2019-08-09,0.5643578238923164,0.6730141458106637,0.46615758417216246,0.31283328962321877,0.16216216216216228,0.44732576985413275,0.6481481481481481
2019-08-10,0.5540872125630959,0.5073449401523393,0.05866018743491841,0.07771658361744915,0.1351351351351353,0.06807131280388978,0.07407407407407406
2019-08-11,0.5450785193494111,0.5100652883569096,0.06039569593891003,0.07867820613690013,0.14189189189189189,0.06158833063209068,0.05555555555555555
2019-08-12,0.5463404374649466,0.662676822633297,0.4324887191947241,0.3284378005070373,0.14864864864864868,0.4376012965964343,0.6481481481481481
2019-08-13,0.5583286595625351,0.6509793253536451,0.4519264144394307,0.33092927703470576,0.16891891891891908,0.4829821717990276,0.6666666666666665
2019-08-14,0.5588544587773416,0.6523394994559303,0.41825754946199234,0.32000174840458084,0.16891891891891908,0.41815235008103724,0.6111111111111109
2019-08-15,0.5498457655636567,0.6618607181719259,0.4408191600138839,0.32126934172567545,0.14864864864864868,0.4149108589951377,0.6111111111111109
2019-08-16,0.5470765563656759,0.6308487486398259,0.40749739673724383,0.28066264533613083,0.14189189189189189,0.4505672609400323,0.6666666666666665
2019-08-17,0.5590998317442513,0.5108813928182806,0.0708087469628601,0.0858466649182621,0.14864864864864868,0.07131280388978922,0.07407407407407406
2019-08-18,0.5450785193494111,0.5078890097932535,0.06456091634849004,0.07990208934347409,0.14189189189189189,0.06482982171799023,0.05555555555555555
2019-08-19,0.5418185642176108,0.6615886833514688,0.4425546685178757,0.318777865198007,0.14189189189189189,0.41815235008103724,0.6296296296296295
2019-08-20,0.54606001121705,0.5884113166485309,0.4529677195418257,0.33499431768511234,0.14189189189189189,0.5153970826580226,0.7222222222222221
2019-08-21,0.5465858104318565,0.6591403699673557,0.4769177368969105,0.3418568056648309,0.14189189189189189,0.4700162074554294,0.6851851851851851
2019-08-22,0.5545779584969153,0.6515233949945591,0.48490107601527244,0.3509047993705744,0.15540540540540548,0.4829821717990276,0.6851851851851851
2019-08-23,0.5483384744812115,0.648803046789989,0.4901076015272473,0.3377917650144243,0.15540540540540548,0.47974068071312803,0.6851851851851851
2019-08-24,0.5395751542344364,0.500816104461371,0.07844498438042335,0.09397674621907515,0.1351351351351353,0.08103727714748776,0.1111111111111111
2019-08-25,0.5372966909702749,0.501632208922742,0.09927108642832339,0.11487018095987411,0.1351351351351353,0.11021069692058338,0.16666666666666666
2019-08-26,0.5385586090858104,0.5650163220892274,0.23464074973967375,0.22480111897893174,0.1351351351351353,0.23987034035656396,0.40740740740740733
2019-08-27,0.5485838474481212,0.6898803046789989,0.6053453661922942,0.448334644636769,0.14189189189189189,0.6191247974068071,0.8148148148148147
2019-08-28,0.554823331463825,0.6885201305767137,0.5185699409927106,0.3509047993705744,0.16216216216216228,0.4991896272285251,0.6851851851851851
2019-08-29,0.5483384744812115,0.6624047878128398,0.47275251648733063,0.34063292245825705,0.14864864864864868,0.45380875202593185,0.6666666666666665
2019-08-30,0.5533510936623668,0.664581066376496,0.4599097535577924,0.32625229478101236,0.14864864864864868,0.4311183144246352,0.6296296296296295
2019-08-31,0.5535964666292765,0.5103373231773666,0.06421381464769171,0.08554069411661858,0.15540540540540548,0.06482982171799023,0.037037037037037035
2019-09-01,0.5498457655636567,0.5073449401523393,0.06629642485248166,0.07990208934347409,0.14864864864864868,0.06158833063209068,0.037037037037037035
2019-09-02,0.5512478968031408,0.6659412404787811,0.4571329399514056,0.3278258589037505,0.16216216216216228,0.4376012965964343,0.6296296296296295
2019-09-03,0.5570667414469994,0.6675734494015233,0.4515793127386324,0.32126934172567545,0.16891891891891908,0.42463533225283634,0.6111111111111109
2019-09-04,0.5568564217610769,0.6724700761697495,0.43908365150989226,0.3144068537459569,0.15540540540540548,0.4311183144246352,0.6296296296296295
2019-09-05,0.547812675266405,0.6433623503808485,0.42086081221797966,0.3104729434391117,0.15540540540540548,0.43435980551053477,0.6296296296296295
2019-09-06,0.5413278182837914,0.6259793253536452,0.4005206525511974,0.28533962758982423,0.1277027027027029,0.39578606158833074,0.6111111111111109
2019-09-07,0.5330552439708357,0.4942872687704025,0.04963554321416175,0.06368563685636852,0.12162162162162171,0.0486223662884927,0.037037037037037035
2019-09-08,0.5265353337072349,0.4923830250272033,0.03505727178063167,0.05087857330186196,0.10878378378378373,0.03889789303079416,0.037037037037037035
2019-09-09,0.5313376332024677,0.6346300326441784,0.3943075321069073,0.2863012501092753,0.11486486486486491,0.4084278768233386,0.6296296296296295
2019-09-10,0.5368059450364554,0.6297606093579977,0.4133981256508156,0.2984526619459743,0.1351351351351353,0.39870340356564016,0.6111111111111109
2019-09-11,0.5383132361189007,0.6349292709466812,0.4258937868795555,0.32030771920622436,0.1283783783783785,0.44084278768233387,0.6666666666666665
2019-09-12,0.5380678631519911,0.6354733405875951,0.4765706351961124,0.3325028411574439,0.1283783783783785,0.4829821717990276,0.7037037037037037
2019-09-13,0.5335459899046551,0.6164309031556038,0.4255466851787574,0.28533962758982423,0.11486486486486491,0.4213938411669368,0.6481481481481481
2019-09-14,0.5212773415591699,0.48639825897714895,0.03162096494272826,0.048693067575837023,0.09459459459459474,0.03565640194489461,0.05555555555555555
2019-09-15,0.5267807066741448,0.48884657236126217,0.04547032280458163,0.07929014774018706,0.10135135135135132,0.06807131280388978,0.1111111111111111
2019-09-16,0.5337913628715648,0.6629488574537539,0.4609510586601874,0.3250284115744385,0.1283783783783785,0.4376012965964343,0.6666666666666665
2019-09-17,0.5270611329220415,0.6371055495103372,0.4383894481082956,0.2931637380889939,0.10135135135135132,0.4149108589951377,0.6481481481481481
2019-09-18,0.5110067302299496,0.6147986942328617,0.41825754946199234,0.2831541218637993,0.08175675675675675,0.42787682333873567,0.6851851851851851
2019-09-19,0.49901850813236115,0.6093579978237212,0.42797639708434565,0.24508261211644367,0.013513513513513598,0.43435980551053477,0.7407407407407407
2019-09-20,0.47195737521031966,0.5775299238302501,0.38597709128774726,0.21885654340414373,0.013513513513513598,0.3695299837925444,0.6851851851851851
2019-09-21,0.47171200224341003,0.4466811751904243,0.0,0.006862487979718446,0.0,0.01620745542949753,0.1111111111111111
2019-09-22,0.48222798653954013,0.4559303590859629,0.004165220409579895,0.0,0.019594594594594783,0.0,0.05555555555555555
2019-09-23,0.4799845765563657,0.5998367791077256,0.40610898993405053,0.2410175714660373,0.012837837837837984,0.39222042139384106,0.7037037037037037
2019-09-24,0.48324453168816595,0.6009249183895538,0.41478653245400887,0.23009004283591217,0.027027027027026973,0.4084278768233386,0.7037037037037037
2019-09-25,0.48447139652271454,0.5856909684439607,0.4029850746268656,0.2469621470408253,0.020270270270270396,0.3951377633711507,0.7037037037037037
2019-09-26,0.4972658440830061,0.60310119695321,0.3991669559180838,0.2700410875076492,0.05405405405405417,0.40551053484602917,0.6851851851851851
2019-09-27,0.5105510375771173,0.5995647442872687,0.3790697674418603,0.24350904799370576,0.08040540540540553,0.4213938411669368,0.6851851851851851
2019-09-28,0.501717610768368,0.46980413492927087,0.013571676501214824,0.018707929014774027,0.06081081081081097,0.01912479740680706,0.05555555555555555
2019-09-29,0.5035403813796971,0.4902339499455929,0.01662617146824008,0.018401958213130398,0.06756756756756754,0.05186385737439214,0.1111111111111111
2019-09-30,0.5064848569826136,0.6003808487486397,0.3880597014925372,0.27222659323367415,0.06081081081081097,0.4505672609400323,0.7222222222222221
2019-10-01,0.5130398205272013,0.6115342763873775,0.4140923290524122,0.2622606871230003,0.08108108108108114,0.44084278768233387,0.7037037037037037
2019-10-02,0.5082725743129557,0.5960554951033731,0.36688649774383875,0.24005594894658644,0.07432432432432434,0.41199351701782827,0.6666666666666665
2019-10-03,0.5117779024116658,0.5930359085963002,0.3613675807011455,0.2609930938019057,0.06756756756756754,0.44084278768233387,0.7037037037037037
2019-10-04,0.5192793045429052,0.6055495103373231,0.3412009718847623,0.25255704169944926,0.08783783783783794,0.3889789303079415,0.6296296296296295
2019-10-05,0.5180173864273696,0.4749727965179542,0.017702186740714998,0.024084273100795528,0.06756756756756754,0.02917341977309562,0.07407407407407406
2019-10-06,0.5102706113292205,0.47170837867246995,0.017355085039916673,0.0424425211994055,0.06081081081081097,0.03565640194489461,0.09259259259259259
2019-10-07,0.5185431856421762,0.61531556039173,0.3686220062478306,0.29626715621994915,0.08783783783783794,0.35008103727714734,0.5925925925925926
2019-10-08,0.5290591699383063,0.6128944504896625,0.3963901423116972,0.2991083136637819,0.10810810810810811,0.44440842787682333,0.6851851851851851
2019-10-09,0.5262549074593382,0.6137105549510337,0.3141270392224921,0.25509222834163847,0.10810810810810811,0.359805510534846,0.5925925925925926
2019-10-10,0.5280426247896803,0.618335146898803,0.4029850746268656,0.28691319171256235,0.10135135135135132,0.42463533225283634,0.6666666666666665
2019-10-11,0.5247826696578799,0.6270402611534275,0.3488372093023254,0.24447067051315685,0.1141891891891893,0.41166936790923814,0.6481481481481481
2019-10-12,0.5223289399887829,0.4858541893362349,0.031586254772648314,0.042136550397761985,0.09459459459459474,0.03565640194489461,0.05555555555555555
2019-10-13,0.5157389231632081,0.4899347116430902,0.036792780284623294,0.04274849200104902,0.08783783783783794,0.03889789303079416,0.05555555555555555
2019-10-14,0.5132851934941111,0.5837867247007617,0.34050676848316563,0.22292158405455031,0.08716216216216233,0.42463533225283634,0.6851851851851851
2019-10-15,0.5162647223780146,0.5927638737758432,0.3089205137105172,0.21575312527318824,0.08783783783783794,0.2917341977309562,0.5185185185185184
2019-10-16,0.5202958496915312,0.6134657236126222,0.41475182228392915,0.2831541218637993,0.09459459459459474,0.4311183144246352,0.6851851851851851
2019-10-17,0.5207865956253506,0.6213275299238302,0.3960430406108989,0.29508698312789583,0.10135135135135132,0.5380875202593193,0.7777777777777777
2019-10-18,0.5277621985417835,0.61860718171926,0.3686220062478306,0.24009965906110675,0.11486486486486491,0.4019448946515397,0.6296296296296295
2019-10-19,0.5177720134604599,0.482290533188248,0.03054494967025334,0.035011801730920555,0.08108108108108114,0.03241491085899506,0.05555555555555555
2019-10-20,0.5162647223780146,0.48177366702937974,0.027073932662269984,0.04309817291721296,0.08108108108108114,0.03241491085899506,0.05555555555555555
2019-10-21,0.5273065058889512,0.60310119695321,0.3338771259979173,0.29189614476789927,0.09391891891891913,0.34359805510534847,0.574074074074074
2019-10-22,0.5483384744812115,0.617791077257889,0.3950017355085039,0.31222134801993195,0.1283783783783785,0.42495948136142625,0.6481481481481481
2019-10-23,0.5448331463825015,0.6281284004352556,0.37799375216938536,0.3012938193898068,0.14189189189189189,0.3662884927066451,0.574074074074074
2019-10-24,0.5490745933819405,0.6311207834602828,0.3703575147518222,0.2991083136637819,0.14864864864864868,0.3533225283630469,0.537037037037037
2019-10-25,0.555874929893438,0.633569096844396,0.3793821589725789,0.28818078503365696,0.16216216216216228,0.39222042139384106,0.574074074074074
2019-10-26,0.5535614133482893,0.5133297062023938,0.05206525511975002,0.06713873590348807,0.1351351351351353,0.05834683954619124,0.05555555555555555
2019-10-27,0.5408020190689848,0.4983677910772578,0.04998264491496007,0.061194160328700065,0.1351351351351353,0.0486223662884927,0.037037037037037035
2019-10-28,0.5378224901850813,0.6545157780195864,0.3735161402290871,0.24910394265232993,0.1277027027027029,0.3824959481361426,0.5925925925925926
2019-10-29,0.5486189007291082,0.6498911860718172,0.3627559875043386,0.25692805315149914,0.14189189189189189,0.3403565640194489,0.537037037037037
2019-10-30,0.5485838474481212,0.6550598476605004,0.37795904199930563,0.2622606871230003,0.14189189189189189,0.41166936790923814,0.6111111111111109
2019-10-31,0.5568564217610769,0.663220892274211,0.3811176674765705,0.2706967392254568,0.16891891891891908,0.353646677471637,0.537037037037037
2019-11-01,0.5578379136287156,0.6678454842219802,0.3793821589725789,0.25758370486930693,0.17500000000000004,0.35656401944894645,0.5185185185185184
2019-11-02,0.5515984296130118,0.5106093579978236,0.06074279763970836,0.07526881720430112,0.14189189189189189,0.05867098865478115,0.037037037037037035
2019-11-03,0.5499859786876052,0.501904243743199,0.08313085734120085,0.10717720080426607,0.1283783783783785,0.06951963860822785,0.09259259259259259
2019-11-04,0.5749789680314078,0.5563112078346026,0.3731343283582088,0.25509222834163847,0.17500000000000004,0.372771474878444,0.5555555555555556
2019-11-05,0.5510726303982052,0.6561479869423285,0.3661922943422421,0.2600751813969754,0.15540540540540548,0.346839546191248,0.537037037037037
2019-11-06,0.5503365114974762,0.6586779107725788,0.36018743491843097,0.25351866421890035,0.14864864864864868,0.346839546191248,0.537037037037037
2019-11-07,0.5553491306786316,0.6683895538628942,0.393300937174592,0.2749803304484656,0.16824324324324325,0.4149108589951377,0.5925925925925926
2019-11-08,0.5510726303982052,0.6547878128400434,0.33776466504685876,0.23878835562549183,0.15540540540540548,0.31442463533225273,0.48148148148148145
2019-11-09,0.5553491306786316,0.5125136017410228,0.06421381464769171,0.081475653466212,0.16148648648648667,0.06807131280388978,0.037037037037037035
2019-11-10,0.5530706674144701,0.5106093579978236,0.053800763623741754,0.07522510708978047,0.15540540540540548,0.05510534846029169,0.01851851851851851
2019-11-11,0.5508272574312956,0.6702937976060935,0.37070461645262054,0.25976921059533187,0.14121621621621627,0.35008103727714734,0.5555555555555556
2019-11-12,0.5498457655636567,0.654270946681175,0.37136410968413747,0.25850161727423726,0.15540540540540548,0.3533225283630469,0.537037037037037
2019-11-13,0.5540872125630959,0.6564200217627855,0.3644567858382505,0.2603811521986187,0.14189189189189189,0.34327390599675833,0.537037037037037
2019-11-14,0.5445877734155917,0.6518226332970619,0.3356126345019089,0.21758895008304935,0.10878378378378373,0.35008103727714734,0.574074074074074
2019-11-15,0.5325294447560291,0.6284004352557125,0.32766400555362696,0.23725850161727424,0.1006756756756757,0.3111831442463533,0.537037037037037
2019-11-16,0.5568564217610769,0.5144178454842219,0.051023950017355046,0.06744470670513159,0.15540540540540548,0.0683954619124797,0.05555555555555555
2019-11-17,0.5485838474481212,0.5073449401523393,0.05484206872613673,0.06587114258239357,0.13445945945945947,0.05186385737439214,0.037037037037037035
2019-11-18,0.5468311833987661,0.6455386289445048,0.3540437348143005,0.2578896756709502,0.14864864864864868,0.34359805510534847,0.537037037037037
2019-11-19,0.5393297812675266,0.6373775843307942,0.3401596667823671,0.24162951306932412,0.12162162162162171,0.32090761750405183,0.537037037037037
2019-11-20,0.5343171620863714,0.6430903155603916,0.3335647344671989,0.24289710639041873,0.12162162162162171,0.3176661264181523,0.5185185185185184
2019-11-21,0.5503365114974762,0.6444504896626767,0.33981256508156876,0.25255704169944926,0.15540540540540548,0.32090761750405183,0.49999999999999994
2019-11-22,0.5498457655636567,0.6428182807399346,0.3481430059007288,0.2510271876912319,0.14864864864864868,0.3338735818476498,0.5185185185185184
2019-11-23,0.5560852495793606,0.5182263329706202,0.053800763623741754,0.07400122388320662,0.14864864864864868,0.06807131280388978,0.05555555555555555
2019-11-24,0.5403112731351655,0.501360174102285,0.05067684831655672,0.07116006643937411,0.1351351351351353,0.05510534846029169,0.037037037037037035
2019-11-25,0.5498457655636567,0.6566920565832426,0.35890315862547706,0.2787831104117492,0.14189189189189189,0.3533225283630469,0.5555555555555556
2019-11-26,0.5738572630398205,0.6711099020674645,0.3863241929885456,0.2909782323629687,0.19594594594594605,0.3662884927066451,0.5185185185185184
2019-11-27,0.5766264722378015,0.6700217627856364,0.40194376952447064,0.27629163388408073,0.20945945945945943,0.4213938411669368,0.574074074074074
2019-11-28,0.5791152551878855,0.6724700761697495,0.4109684137452271,0.2831541218637993,0.20270270270270285,0.41815235008103724,0.574074074074074
2019-11-29,0.5898766124509255,0.6784548422198041,0.38701839639014224,0.2660197569717634,0.23648648648648662,0.36304700162074555,0.48148148148148145
2019-11-30,0.586897083567022,0.5402611534276387,0.0857341200971884,0.113034356150013,0.21621621621621623,0.08427876823338731,0.01851851851851851
2019-12-01,0.5776079641054404,0.5312840043525571,0.08816383200277678,0.11395226855494356,0.20270270270270285,0.08752025931928686,0.037037037037037035
2019-12-02,0.5756099270891755,0.6711099020674645,0.3658451926414438,0.2588075880758808,0.19594594594594605,0.35008103727714734,0.49999999999999994
2019-12-03,0.5603617498597868,0.663220892274211,0.3793821589725789,0.24600052452137422,0.15540540540540548,0.3954619124797406,0.5925925925925926
2019-12-04,0.54606001121705,0.6572361262241566,0.3842415827837554,0.2226156132529068,0.14189189189189189,0.3695299837925444,0.574074074074074
2019-12-05,0.5398205272013461,0.6449945593035907,0.3661922943422421,0.23883206574001214,0.11486486486486491,0.3695299837925444,0.5925925925925926
2019-12-06,0.5621144139091419,0.6651251360174101,0.374175633460604,0.2634845703295742,0.16891891891891908,0.3695299837925444,0.5555555555555556
2019-12-07,0.5763810992708918,0.5334602829162132,0.09927108642832339,0.11487018095987411,0.19594594594594605,0.09400324149108585,0.05555555555555555
2019-12-08,0.5733665171060012,0.5291077257889009,0.07462686567164178,0.09738613515167416,0.18918918918918926,0.07779578606158832,0.037037037037037035
2019-12-09,0.5728757711721818,0.6847116430903154,0.41860465116279066,0.28721916251420565,0.18243243243243246,0.4084278768233386,0.574074074074074
2019-12-10,0.5753645541222658,0.6934167573449401,0.4123568205484206,0.28818078503365696,0.19594594594594605,0.3954619124797406,0.5555555555555556
2019-12-11,0.5705973079080202,0.6817192600652883,0.3880597014925372,0.2660197569717634,0.17567567567567566,0.3792544570502431,0.5555555555555556
2019-12-12,0.5618339876612451,0.6599564744287267,0.3661922943422421,0.26444619284902526,0.17567567567567566,0.34359805510534847,0.5185185185185184
2019-12-13,0.5528252944475602,0.6531556039173013,0.3509198195071156,0.2335431418830317,0.16891891891891908,0.32739059967585094,0.49999999999999994
2019-12-14,0.5528252944475602,0.5106093579978236,0.06907323845886837,0.081475653466212,0.15540540540540548,0.06807131280388978,0.05555555555555555
2019-12-15,0.5498457655636567,0.5092491838955385,0.05345366192294343,0.08208759506949914,0.15540540540540548,0.06158833063209068,0.037037037037037035
2019-12-16,0.559345204711161,0.6629488574537539,0.37382853175980546,0.28193023865722544,0.16216216216216228,0.3954619124797406,0.5925925925925926
2019-12-17,0.557592540661806,0.6664853101196951,0.34779590419993045,0.2619547163213568,0.16891891891891908,0.39222042139384106,0.574074074074074
2019-12-18,0.5606071228266967,0.6724700761697495,0.3842415827837554,0.2600751813969754,0.14189189189189189,0.46677471636952983,0.6851851851851851
2019-12-19,0.5603617498597868,0.6721980413492926,0.37244012495661216,0.2510271876912319,0.18243243243243246,0.346839546191248,0.49999999999999994
2019-12-20,0.5630959057767807,0.6662132752992382,0.3630683790350572,0.23288749016522414,0.16891891891891908,0.3403565640194489,0.5185185185185184
2019-12-21,0.5638670779584969,0.5182263329706202,0.0735855605692467,0.09052364717195549,0.16891891891891908,0.07455429497568877,0.05555555555555555
2019-12-22,0.5563306225462703,0.5146898803046789,0.06733772995487675,0.08523472331497506,0.16216216216216228,0.06482982171799023,0.037037037037037035
2019-12-23,0.5580832865956253,0.6596844396082697,0.33287053106560205,0.22821050791153075,0.16216216216216228,0.3111831442463533,0.48148148148148145
2019-12-24,0.5533510936623668,0.6466267682263328,0.3224574800416521,0.2272925955066002,0.16216216216216228,0.30145867098865475,0.46296296296296297
2019-12-25,0.561097868760516,0.617791077257889,0.21173203748698366,0.17982341113733724,0.16891891891891908,0.2495948136142625,0.38888888888888884
2019-12-26,0.5778883903533371,0.6161588683351468,0.21207913918778198,0.1595419179998251,0.18243243243243246,0.20421393841166935,0.2962962962962962
2019-12-27,0.5688446438586652,0.64961915125136,0.3144741409232906,0.24162951306932412,0.19594594594594605,0.30145867098865475,0.4259259259259259
2019-12-28,0.5510726303982052,0.5100652883569096,0.04928844151336331,0.06211207273363051,0.1351351351351353,0.0486223662884927,0.037037037037037035
2019-12-29,0.6572490185081324,0.4959194776931446,0.23082263103089196,0.5769735116706006,0.11486486486486491,0.4311183144246352,0.6666666666666665
2019-12-30,0.9541853617498597,0.9542981501632207,0.7112113849357861,0.7155782848151063,0.9324324324324327,0.6580226904376013,0.31481481481481477
2019-12-31,0.8425406618059452,0.8215451577801957,0.3290524123568205,0.23039601363755569,0.20270270270270285,0.606158833063209,0.7592592592592591
